X,Y,OBJECTID,NAME,WATER_TEMP,DISCHARGE,GT_SILICA,GT_ALKALI,PH,CONDUCTIVITY,HARDNESS,CA_MG_L,MG_MG_L,NA_MG_L,K_MG_L,HCO3_MG_L,SO4_MG_L,CO3_MG_L,SIO2_MG_L,CL_MG_L,F_MG_L,E_ISO_18O,E_ISO_2H,RAD_ISO_3H,RAD_ISO_14C,GAS_NOBLE,GAS_DISS,GAS_EMITTED,REFERENCE,REF_LINK,COMMENTS,LOC_SOURCE,LATITUDE_DD,LONGITUDE_DD
826060.710899999,1007410.9552,1,South Redstone HS,54,120,109,,,,,72,21,49,1.5,,,,58,,,,,,,,,,"Springs; F.H. 2016. Tuya Terra Geo Corp and Geothermal Management Company; Inc.; Direct-use Geothermal Resources in British Columbia; Geoscience BC Report 2016-07; May 5; 2016",http://cdn.geosciencebc.com/project_data/GBCReport2016-07/GBC%20Report2016-07_SectionA_Summary.pdf,,Located from imagery based on publication location (Google Earth/ArcMap),63.40501,-125.9557
863603.567500001,565896.2097,2,Liard HS,52,70,134,,6.5,,,226,34.4,16.4,10.1,180,592,,94.1,16.7,,,,,,,,,"Springs; F.H. 2016. Tuya Terra Geo Corp and Geothermal Management Company; Inc.; Direct-use Geothermal Resources in British Columbia; Geoscience BC Report 2016-07; May 5; 2016",http://cdn.geosciencebc.com/project_data/GBCReport2016-07/GBC%20Report2016-07_SectionA_Summary.pdf,,Digitized using Google Earth from known location,59.4278,-126.09892
815862.703199999,583973.502499999,3,Portage Brule HS,48,15,,,,,,125,77,41,34,725,77,,,64,0.3,,,,,,,,"Southern; J.G.; Halstead; E.C.; Mineral and thermal waters of Canada. Paper 73-18; Geological Survey of Canada; 1973; Tuya Terra Geo Corp and Geothermal Management Company; Inc.; Direct-use Geothermal Resources in British Columbia; May 5; 2016; Crandall; J.T.; Sadlier-Brown; T.L.; Data on geothermal areas cordilleran Yukon; Northwest Territories; and adjacent British Columbia; Canada. Energy Mines and Resources Canada Open File 78-1; 1978","https://doi.org/10.4095/102477; http://cdn.geosciencebc.com/project_data/GBCReport2016-07/GBC%20Report2016-07_SectionA_Summary.pdf; https://doi.org/10.4095/8331",,Digitized using Google Earth from known location,59.63029,-126.90672
882034.3127,674476.080800001,4,Pool Creek HS,54.5,3,95,203,6.4,667,345,86.5,31.4,9,4.2,320,94.1,3,,5.6,0.6,-23,-177.9,<0.8,,"He; Ne; Ar; Kr; Xe",,,"EBA Engineering Consultants Ltd. Ground Based Geothermal Reconnaissance Larsen Creek/Beaver River Area Southeast Yukon. Unpublished. April 2010.; EBA Engineering Consultants Ltd. Noble gas data from multiple warm and hot springs in southern and central Yukon. Unpublished. March 31; 2010;EBA Engineering Consulting Ltd. Larsen Creek/Beaver River open water survey. Unpublished. July 9; 2009","""EBA FILE""",,Publication location data,60.38142,-125.56873
878957.377699999,662320.6099,5,Canyon Creek WS,15,,58,178,7.3,423,225,53.9,22,2.1,1,250,24,3,,1,0.3,-22.9,-175,6.3,,,,,"EBA Engineering Consultants Ltd. Ground Based Geothermal Reconnaissance Larsen Creek/Beaver River Area Southeast Yukon. Unpublished. April 2010.; EBA Engineering Consultants Ltd. Noble gas data from multiple warm and hot springs in southern and central Yukon. Unpublished. March 31; 2010;EBA Engineering Consulting Ltd. Larsen Creek/Beaver River open water survey. Unpublished. July 9; 2009","""EBA FILE""",,Publication location data,60.27582,-125.64786
876614.6447,632326.0448,6,Thorpe Creek WS,25.3,5,54,181.5,6.9,488,256,67.9,21,4.1,1.7,270,39.5,3,,4.6,1.3,-21.5,-172.6,1.2,,"He; Ne; Ar; Kr; Xe",,,"EBA Engineering Consultants Ltd. Ground Based Geothermal Reconnaissance Larsen Creek/Beaver River Area Southeast Yukon. Unpublished. April 2010.; EBA Engineering Consultants Ltd. Noble gas data from multiple warm and hot springs in southern and central Yukon. Unpublished. March 31; 2010;EBA Engineering Consulting Ltd. Larsen Creek/Beaver River open water survey. Unpublished. July 9; 2009","""EBA FILE""",,Publication location data,60.00999,-125.74744
872030.9608,653034.932399999,7,Crow River WS,29.2,,65,232,6.9,367,254,56.8,27.2,0.8,1.3,270,30.9,3,,0.4,0.6,-22.7,-174.4,<0.8,,,,,"EBA Engineering Consultants Ltd. Ground Based Geothermal Reconnaissance Larsen Creek/Beaver River Area Southeast Yukon. Unpublished. April 2010.; EBA Engineering Consultants Ltd. Noble gas data from multiple warm and hot springs in southern and central Yukon. Unpublished. March 31; 2010;EBA Engineering Consulting Ltd. Larsen Creek/Beaver River open water survey. Unpublished. July 9; 2009","""EBA FILE""",,Publication location data,60.19948,-125.78986
815902.1646,784649.049799999,8,Wildmint WS,29,50,98,,,,,125,25.5,1.4,2.5,,,,45,,,,,,,,,,"Springs; F.H. 2016. Tuya Terra Geo Corp and Geothermal Management Company; Inc.; Direct-use Geothermal Resources in British Columbia; Geoscience BC Report 2016-07; May 5; 2016",http://cdn.geosciencebc.com/project_data/GBCReport2016-07/GBC%20Report2016-07_SectionA_Summary.pdf,,Located from imagery based on publication location (Google Earth/ArcMap),61.42595,-126.57484
778950.8762,839043.096799999,9,Rabbitkettle WS,21,2,92,,,,,200,39.8,3.9,4.8,,,,40,,,,,,,,,,"Springs; F.H. 2016. Tuya Terra Geo Corp and Geothermal Management Company; Inc.; Direct-use Geothermal Resources in British Columbia; Geoscience BC Report 2016-07; May 5; 2016",http://cdn.geosciencebc.com/project_data/GBCReport2016-07/GBC%20Report2016-07_SectionA_Summary.pdf,,Located from imagery based on publication location (Google Earth/ArcMap),61.9415,-127.17908
775727.646,811764.5118,10,Hole-in-the-Wall HS,47,30,127,,,,,1.2,0,28,0.7,,,,83,,,,,,,,,,"Springs; F.H. 2016. Tuya Terra Geo Corp and Geothermal Management Company; Inc.; Direct-use Geothermal Resources in British Columbia; Geoscience BC Report 2016-07; May 5; 2016",http://cdn.geosciencebc.com/project_data/GBCReport2016-07/GBC%20Report2016-07_SectionA_Summary.pdf,,Publication location data,61.7,-127.283
724600.218900001,879786.2029,11,Moore HS,40,,,,,,,,,,,,,,,,,,,,,,,,"Springs; F.H. 2016. Tuya Terra Geo Corp and Geothermal Management Company; Inc.; Direct-use Geothermal Resources in British Columbia; Geoscience BC Report 2016-07; May 5; 2016; Woodsworth; Glenn. Hotsprings of Western Canada; A Complete Guide. 2nd Ed. Gordon Soules Book Publishers Ltd. 2009","http://cdn.geosciencebc.com/project_data/GBCReport2016-07/GBC%20Report2016-07_SectionA_Summary.pdf; published source",,Located from imagery based on publication location (Google Earth/ArcMap),62.343,-128.1591
686719.009299999,930361.797499999,12,Nahanni headwaters HS,64,60,142,,,,,2.8,0,56,1.7,,,,109,,,,,,,,,,"Springs; F.H. 2016. Tuya Terra Geo Corp and Geothermal Management Company; Inc.; Direct-use Geothermal Resources in British Columbia; Geoscience BC Report 2016-07; May 5; 2016",http://cdn.geosciencebc.com/project_data/GBCReport2016-07/GBC%20Report2016-07_SectionA_Summary.pdf,,Publication location data,62.817,-128.833
670696.541099999,1062913.3208,13,Mountain 3,8.5,25,85,,7.88,,,270,58.8,200,3.64,77.5,555,0.03,34,263,,,,,,,,,"Crandall; J.T.; T.L. Sadlier-Brown; Data on Geothermal Areas Cordilleran Yukon; Northwest Territories; and Adjacent British Columbia; Canada. Department of Energy Mines and Resources Canada. November 30; 1976",https://doi.org/10.4095/8331,,Publication location data,64.011,-129.00361
952004.559800001,780679.695599999,14,Kraus (Clausen Creek) HS,37,23,108,,,,,,,,,271,660,,56,2277,1,,,,,,H2S,,"Southern; J.G.; Halstead; E.C.; Mineral and thermal waters of Canada. Paper 73-18; Geological Survey of Canada; 1973; Tuya Terra Geo Corp and Geothermal Management Company; Inc.; Direct-use Geothermal Resources in British Columbia; May 5; 2016","https://doi.org/10.4095/102477; http://cdn.geosciencebc.com/project_data/GBCReport2016-07/GBC%20Report2016-07_SectionA_Summary.pdf; https://doi.org/10.4095/8331",,Located from imagery based on publication location (Google Earth/ArcMap),61.25238,-124.05754
697500.9004,881243.319599999,15,Nahanni North (Lened) HS,58,40,124,,,,,1.9,0,67,1.4,,,,78,,,,,,,,,,"Springs; F.H. 2016. Tuya Terra Geo Corp and Geothermal Management Company; Inc.; Direct-use Geothermal Resources in British Columbia; Geoscience BC Report 2016-07; May 5; 2016",http://cdn.geosciencebc.com/project_data/GBCReport2016-07/GBC%20Report2016-07_SectionA_Summary.pdf,,Located from imagery based on publication location (Google Earth/ArcMap),62.37167,-128.67981
722243.621200001,933138.5262,16,Broken Skull HS,45,35,108,,,,,140,50.2,50.2,33.8,,,,56,,,,,,,,,,"Springs; F.H. 2016. Tuya Terra Geo Corp and Geothermal Management Company; Inc.; Direct-use Geothermal Resources in British Columbia; Geoscience BC Report 2016-07; May 5; 2016; Woodsworth; Glenn. Hotsprings of Western Canada; A Complete Guide. 2nd Ed. Gordon Soules Book Publishers Ltd. 2009","http://cdn.geosciencebc.com/project_data/GBCReport2016-07/GBC%20Report2016-07_SectionA_Summary.pdf; published source",,Located from imagery based on publication location (Google Earth/ArcMap),62.82168,-128.1336
734428.8902,916344.9188,17,Grizzly Bear HS,44,30,106,,,,,105,25.5,22,23.8,,,,54,,,,,,,,,,"Springs; F.H. 2016. Tuya Terra Geo Corp and Geothermal Management Company; Inc.; Direct-use Geothermal Resources in British Columbia; Geoscience BC Report 2016-07; May 5; 2016; Woodsworth; Glenn. Hotsprings of Western Canada; A Complete Guide. 2nd Ed. Gordon Soules Book Publishers Ltd. 2009","http://cdn.geosciencebc.com/project_data/GBCReport2016-07/GBC%20Report2016-07_SectionA_Summary.pdf; published source",,Located from imagery based on publication location (Google Earth/ArcMap),62.6638,-127.91881
648925.0395,821724.231699999,18,McPherson Lake WS,16,20,85,,7.3,,,47,10.1,3.3,0.5,109,12.2,,34,0.2,,,,,,,,,"Crandall; J.T.; Sadlier-Brown; T.L.; Data on geothermal areas cordilleran Yukon; Northwest Territories; and adjacent British Columbia; Canada. Energy Mines and Resources Canada Open File 78-1; 1978",https://doi.org/10.4095/8331,"Large; very obvious travertine deposit visible in imagery",Located from imagery based on publication location (Google Earth/ArcMap),61.86137,-129.66929
613781.956599999,979010.1987,19,Mactung HS,33,1,,,,,,,,,,,,,,,,,,,,,,,"EBA Engineering Consultants Ltd.; Mactung YESAB Proposal; December 2008","""EBA FILE""",,Located from imagery based on publication location (Google Earth/ArcMap),63.28318,-130.22964
725098.7519,836451.0196,20,West Cantung HS,41,30,109,,,,,7.6,1.2,47,1.2,,,,58,,,,,,,,,,"Springs; F.H. 2016. Tuya Terra Geo Corp and Geothermal Management Company; Inc.; Direct-use Geothermal Resources in British Columbia; Geoscience BC Report 2016-07; May 5; 2016",http://cdn.geosciencebc.com/project_data/GBCReport2016-07/GBC%20Report2016-07_SectionA_Summary.pdf,,Located from imagery based on publication location (Google Earth/ArcMap),61.95491,-128.20613
344595.827099999,712453.202,21,Takhini HS,47,6.6,96,,6.6,2905,,611,79.2,35.1,8.8,112,1670,,89.1,1,3.2,,,,,,,,"Springs; F.H. 2016. Tuya Terra Geo Corp and Geothermal Management Company; Inc.; Direct-use Geothermal Resources in British Columbia; Geoscience BC Report 2016-07; May 5; 2016",http://cdn.geosciencebc.com/project_data/GBCReport2016-07/GBC%20Report2016-07_SectionA_Summary.pdf,,Digitized using Google Earth from known location,60.8789,-135.36011
355686.8465,698883.671599999,22,Versluce WS,12.7,1,87,164,7.6,336,182,49.5,14.3,5.8,1.4,198,28,3,,1,0.4,-20.6,-167.1,11.3±1.1,,,,,"EBA Engineering Consultants Ltd.; Hydrogeochemistry and Isotope Signature of Stinky Lake and Versluce Warm Springs in Whitehorse; Yukon. Unpublished. October 30; 2009.","""EBA FILE""",,Publication location data,60.76146,-135.14582
356616.8402,697844.3813,23,Stinky Lake WS,18.5,1,54,160,7.6,347,190,51,15.1,6.9,1.7,208,30.1,3,,1,0.5,-21.3,-169.8,5.9±0.8,,"He; Ne; Ar; Kr; Xe",,,"EBA Engineering Consultants Ltd.; Hydrogeochemistry and Isotope Signature of Stinky Lake and Versluce Warm Springs in Whitehorse; Yukon. Unpublished. October 30; 2009.; EBA Engineering Consultants Ltd. Noble gas data from multiple warm and hot springs in southern and central Yukon. Unpublished. March 31; 2010","""EBA FILE""",,Publication location data,60.75248,-135.128
352712.625800001,702080.192600001,24,SLC1 WS,15.8,,,,7.8,360,213,60.1,15.3,7.3,2.1,219,43.9,3,,1.2,0.4,-20.8,-166.8,9.8±1.0,,,,,"EBA Engineering Consultants Ltd.; Hydrogeochemistry and Isotope Signature of Stinky Lake and Versluce Warm Springs in Whitehorse; Yukon. Unpublished. October 30; 2009.","""EBA FILE""",,Publication location data,60.78902,-135.20278
352798.3903,702044.219799999,25,SLC2 WS,12,1,39,163,7.7,404,162,44.8,12,5.5,1.4,179,27,3,,0.8,0.3,-19.5,-161.6,7.9±0.9,,,,,"EBA Engineering Consultants Ltd.; Hydrogeochemistry and Isotope Signature of Stinky Lake and Versluce Warm Springs in Whitehorse; Yukon. Unpublished. October 30; 2009.","""EBA FILE""",,Publication location data,60.78873,-135.20118
357671.0452,697114.466600001,26,McIntyre Creek,,,33,,,,,36,7.7,2.9,1.2,136,9.4,,8.8,0.2,0.2,-19.5,-158.8,,,,"CO2 <2; H2S <10",,"EBA Engineering Consultants Ltd.; Groundwater Temperature; Geothermometer and Geothermal Signature Assessment City of Whitehorse; Yukon; July 2008",https://emrlibrary.gov.yk.ca/energy/groundwater_temperature_whitehorse.pdf,,Publication location data,60.74632,-135.10815
337863.477299999,957026.848999999,27,McArthur HS,54.5,30,157,120.7,7.2,268,4,1.4,0,40.9,1.1,43,14.9,21.3,,0.9,7.6,-21.9,-169.3,,,,,,"EBA Engineering Consultants Ltd. Ground-Based Geothermal Reconnaissance Program - Multiple Areas; Yukon. Feb 24; 2009","""EBA FILE""",,Publication location data,63.06761,-135.71165
262654.0077,1033086.8814,28,Partridge Creek WS,25.1,,116,122,8.8,441,17,6.2,0.2,75.9,2.3,100,63.2,3,,11.2,9.4,-21.5,-172.2,<0.8±0.3,,,,,"EBA; A Tetra Tech Company. Preliminary Geothermal Assessment; Partridge Creek Warm Spring; North of Stewart Crossing; Yukon. March 2011","""EBA FILE""",,Publication location data,63.70526,-137.31082
203287.1929,724263.876700001,29,Jarvis River WS,17.7,5,111,100.1,8.1,660,79,10.5,9.6,111,1.9,332,32.7,12.4,,26.6,0.3,-25.6,-198,<0.8,2.24±0.06,"He; Ne; Ar; Kr; Xe",,,"EBA Engineering Consultants Ltd.; Gas Sampling; Jarvis River Warm Springs; Yukon. 2009; EBA...; Advanced Geochemistry; Jarvis River Warm Springs and Shakwak Valley Area; Southwest Yukon. 2010","""EBA FILE""",,Digitized using Google Earth from known location,60.90144,-137.96969
394186.8182,1120341.1089,30,Nash Creek HS,45.6,3,80,49.7,7.3,390,170,42.7,15.5,22.1,5.6,169,27,3,,42.6,0.5,-21.8,-173.6,3.7,,"He; Ne; Ar; Kr; Xe",,,"EBA Engineering Consultants Ltd.; Ground-based geothermal reconnaissance - Nash Creek Hot Springs; Wernecke Mountains; Central Yukon. 2010; EBA Engineering Consultants Ltd. Noble gas data from multiple warm and hot springs in southern and central Yukon. Unpublished. March 31; 2010; Woodsworth; Glen.; Woodsworth; David. 2014. Hot Springs of Western Canada; a complete guide. 3rd ed.; Gordon Soules Book Publishers; Vancouver; BC. 2014","""EBA FILE""",Other sources (Woodsworth 2013) say the highest temp here is 65,Publication location data,64.55104,-134.70978
380139.9867,1127375.6861,31,Nash Creek WS (N09S-10),10.2,,28,,8.2,207,106,22.5,12.1,0.7,0.2,125,8.2,3,7.7,0.6,0.1,-22.7,-172.7,,,,,,"EBA Engineering Consultants Ltd.; Ground-based geothermal reconnaissance - Nash Creek Hot Springs; Wernecke Mountains; Central Yukon. 2011","""EBA FILE""",,Publication location data,64.60932,-135.00865
887336.291099999,654610.749299999,32,Larsen North HS,53,40,92,220,7,554,284,81,19.8,5.6,4.2,230,96.2,3,,5.2,0.6,-23,-176,<0.8,,"He; Ne; Ar; Kr; Xe",,,"EBA Engineering Consultants Ltd. Ground Based Geothermal Reconnaissance Larsen Creek/Beaver River Area Southeast Yukon. Unpublished. April 2010.; EBA Engineering Consultants Ltd. Noble gas data from multiple warm and hot springs in southern and central Yukon. Unpublished. March 31; 2010;EBA Engineering Consulting Ltd. Larsen Creek/Beaver River open water survey. Unpublished. July 9; 2009","""EBA FILE""",,Publication location data,60.19873,-125.51287
886736.119000001,654494.0239,33,Larsen South HS,43,30,94,217.5,6.8,538,282,82.9,18.3,5.6,4.1,230,98.3,3,,5.1,0.6,-22.8,-175.2,<0.8,,"He; Ne; Ar; Kr; Xe",,,"EBA Engineering Consultants Ltd. Ground Based Geothermal Reconnaissance Larsen Creek/Beaver River Area Southeast Yukon. Unpublished. April 2010.; EBA Engineering Consultants Ltd. Noble gas data from multiple warm and hot springs in southern and central Yukon. Unpublished. March 31; 2010;EBA Engineering Consulting Ltd. Larsen Creek/Beaver River open water survey. Unpublished. July 9; 2009","""EBA FILE""",,Publication location data,60.19828,-125.52384
781419.9662,639331.676100001,34,Coal River WS,13.2,45,,169.5,6.6,531,285,86.3,17,1.3,0.7,340,19,3,,0.3,0.2,-22.6,-172.2,4.7,,"He; Ne; Ar; Kr; Xe",,,"EBA Engineering Consultants Ltd. Ground Based Geothermal Reconnaissance Larsen Creek/Beaver River Area Southeast Yukon. Unpublished. April 2010.; EBA Engineering Consultants Ltd. Noble gas data from multiple warm and hot springs in southern and central Yukon. Unpublished. March 31; 2010;EBA Engineering Consulting Ltd. Larsen Creek/Beaver River open water survey. Unpublished. July 9; 2009","""EBA FILE""",,Publication location data,60.15235,-127.43579
760175.3039,806792.724300001,35,Flat Fruit,11,1.5,96,,7.06,,,470,49,24,5.98,897,36,0.03,43,1.7,,,,,,,,,"Crandall; J.T.; T.L. Sadlier-Brown; Data on Geothermal Areas Cordilleran Yukon; Northwest Territories; and Adjacent British Columbia; Canada. Department of Energy Mines and Resources Canada. November 30; 1976",https://doi.org/10.4095/8331,,Publication location data,61.66667,-127.58333
595593.6853,324213.062100001,36,Mess Lake HS,42.5,3.2,120,,6.2,2400,,138,20.4,190,18,441,150,,71.5,209,1.7,,,,,,,,"Springs; F.H. 2016. Tuya Terra Geo Corp and Geothermal Management Company; Inc.; Direct-use Geothermal Resources in British Columbia; Geoscience BC Report 2016-07; May 5; 2016",http://cdn.geosciencebc.com/project_data/GBCReport2016-07/GBC%20Report2016-07_SectionA_Summary.pdf,,Publication location data,57.40435,-130.91825
572811.9114,280795.9911,37,Sphaler Creek HS,48.5,0.2,118,,6.59,,,64.8,12.3,396,16.3,963,145,,69.9,63.4,3.89,,,,,,,,"Springs; F.H. 2016. Tuya Terra Geo Corp and Geothermal Management Company; Inc.; Direct-use Geothermal Resources in British Columbia; Geoscience BC Report 2016-07; May 5; 2016",http://cdn.geosciencebc.com/project_data/GBCReport2016-07/GBC%20Report2016-07_SectionA_Summary.pdf,,Publication location data,57.01681,-131.30861
607236.6216,358937.8025,38,Tawah Creek HS,46,2,177,,6.72,3000,,167,141,515,54.6,2440,5.01,,191,52.7,0.023,,,,,,,,"Springs; F.H. 2016. Tuya Terra Geo Corp and Geothermal Management Company; Inc.; Direct-use Geothermal Resources in British Columbia; Geoscience BC Report 2016-07; May 5; 2016",http://cdn.geosciencebc.com/project_data/GBCReport2016-07/GBC%20Report2016-07_SectionA_Summary.pdf,,Publication location data,57.71487,-130.70947
604896.1842,365213.064300001,39,Elwyn Creek HS,36,3.5,154,,6.01,2780,,126,104,659,49,2512,0.62,,134,51,0.25,,,,,,,,"Springs; F.H. 2016. Tuya Terra Geo Corp and Geothermal Management Company; Inc.; Direct-use Geothermal Resources in British Columbia; Geoscience BC Report 2016-07; May 5; 2016",http://cdn.geosciencebc.com/project_data/GBCReport2016-07/GBC%20Report2016-07_SectionA_Summary.pdf,,Publication location data,57.77206,-130.74563
354071.283399999,716161.381100001,40,Vista Mountain WS,13.7,4,110,108,10.07,624,14,5.8,0,126,2.3,12,185,20,58.4,34.8,9.85,-22.42,-177.25,<0.8±0.3,,,,,"EBA, A Tetra Tech Company 2012. Preliminary Geothermal Assessment; Vista Mountain Warm Springs; Whitehorse; Yukon - W23101579.004","""EBA FILE""",slight H2S odour at one seep location,Publication location data,60.915894,-135.18883
404006.8049,610586.056299999,41,Morin North WS,9.5,25,83,,7.53,,,61,13,1.65,0.8,134,5.4,,32,0.2,,,,,,,,,"Crandall; J.T.; Sadlier-Brown; T.L.; Data on geothermal areas cordilleran Yukon; Northwest Territories; and adjacent British Columbia; Canada. Energy Mines and Resources Canada Open File 78-1; 1978",https://doi.org/10.4095/8331,,Publication location data,59.98333,-134.21667
403429.4792,609026.3322,42,Morin Middle,15,20,91,,7.29,,,68,15.8,2.85,1.04,122,7.5,,39,0.1,,,,,,,,,"Crandall; J.T.; Sadlier-Brown; T.L.; Data on geothermal areas cordilleran Yukon; Northwest Territories; and adjacent British Columbia; Canada. Energy Mines and Resources Canada Open File 78-1; 1978",https://doi.org/10.4095/8331,,Publication location data,59.96917,-134.22623
552605.0955,165578.7925,43,Bailey Bay HS,88.3,,,,,,,,,,,,,,,,,,,,,,,,"Waring 1917; Roman et. Al. 1980","https://dggs.alaska.gov/webpubs/usgs/wsp/text/wsp-0418.pdf; https://www.osti.gov/servlets/purl/897428",,Approximate location digitized from publication map and location description,55.9778245,-131.6640596
558705.8891,160374.285599999,44,Bell Island HS,74,1.7,,,,,,,,,,,,,,,,,,,,,,,"Waring 1917; Roman et. Al. 1980","https://dggs.alaska.gov/webpubs/usgs/wsp/text/wsp-0418.pdf; https://www.osti.gov/servlets/purl/897428",,Approximate location digitized from publication map and location description,55.9299379,-131.568339
590862.408199999,153851.222100001,45,Saks Cove?Robinson Creek HS,,,,,,,,,,,,,,,,,,,,,,,,,Waring 1917,https://dggs.alaska.gov/webpubs/usgs/wsp/text/wsp-0418.pdf,,Approximate location digitized from publication map and location description,55.865437,-131.0605
565171.021199999,193591.952,46,Bradfield HS,57,0.4,,,,,,,,,,,,,,,,,,,,,,,Roman et. Al. 1980,https://www.osti.gov/servlets/purl/897428,,Approximate location digitized from publication map and location description,56.2296634,-131.4570819
-3404995.0952,3909352.944,47,Barnes Lake HS,26,0.5,,,,,,,,,,,,,,,,,,,,,,,Roman et. Al. 1980,https://www.osti.gov/servlets/purl/897428,,Approximate location digitized from publication map and location description,56.6755021,131.8932711
725248.702199999,836302.5403,48,East Cantung WS,29,30,,,,,,,,,,,,,,,,,,,,,,,"Springs; F.H. 2016. Tuya Terra Geo Corp and Geothermal Management Company; Inc.; Direct-use Geothermal Resources in British Columbia; Geoscience BC Report 2016-07; May 5; 2016",http://cdn.geosciencebc.com/project_data/GBCReport2016-07/GBC%20Report2016-07_SectionA_Summary.pdf,,Located from imagery based on publication location (Google Earth/ArcMap),61.95349,-128.20347
713536.347899999,853570.886499999,49,North Cantung HS,32,40,66,,,,,19,12.9,0.8,0.7,,,,21,,,,,,,,,,"Springs; F.H. 2016. Tuya Terra Geo Corp and Geothermal Management Company; Inc.; Direct-use Geothermal Resources in British Columbia; Geoscience BC Report 2016-07; May 5; 2016; Woodsworth; Glenn. Hotsprings of Western Canada; A Complete Guide. 2nd Ed. Gordon Soules Book Publishers Ltd. 2009","http://cdn.geosciencebc.com/project_data/GBCReport2016-07/GBC%20Report2016-07_SectionA_Summary.pdf; published source",,Publication location data,62.115,-128.405
746584.929199999,777121.6405,50,Caesar Lake,3,40,82,,7.4,,,110,7.5,12,1.4,201,36,,31,1.5,,,,,,,,,"Crandall; J.T.; Sadlier-Brown; T.L.; Data on geothermal areas cordilleran Yukon; Northwest Territories; and adjacent British Columbia; Canada. Energy Mines and Resources Canada Open File 78-1; 1978",https://doi.org/10.4095/8331,,Located from ArcGIS imagery,61.4103,-127.88
204006.267899999,564618.049900001,51,Tatsenshini,,,,,,,,,,,,,,,,,,,,,,,,,"Fairbank; B P; Faulkner; R L; Hickson; C J (ed.); Roots; C (ed.); Southern; J G (ed.); Woodsworth; G J (ed.); Jessop; A M (ed.); Bentkowski; W H (ed.); Lewis; T J (ed.); Macrae; J M (ed.); Rowling; J (ed.); Church; B N (ed.); Finvers; M (ed.). Geothermal resources of British Columbia; Geological Survey of Canada; Open File 2526; 1992; 1 sheet",https://doi.org/10.4095/133397,,Publication location data,59.472,-137.715
696705.929500001,1079552.3197,52,Deca West,16,1,85,,7.4,,,285,112,82,1.6,98.9,1368,0.03,34,122,,,,,,,,,"Crandall; J.T.; T.L. Sadlier-Brown; Data on Geothermal Areas Cordilleran Yukon; Northwest Territories; and Adjacent British Columbia; Canada. Department of Energy Mines and Resources Canada. November 30; 1976",https://doi.org/10.4095/8331,,Located from imagery based on publication location (Google Earth/ArcMap),64.14593,-128.45046
706271.390000001,1082536.5475,53,Snail,,,,,,,,,,,,,,,,,,,,,,,,,"Woodsworth; Glen.; Woodsworth; David. 2014. Hot Springs of Western Canada; a complete guide. 3rd ed.; Gordon Soules Book Publishers; Vancouver; BC. 2014",Book,,Publication location data,64.167,-128.25
670681.533299999,1062688.8905,54,Mountain 1,10,15,85,,7.9,,,350,102,80,1.6,106,1182,0.03,34,114,,,,,,,,,"Crandall; J.T.; T.L. Sadlier-Brown; Data on Geothermal Areas Cordilleran Yukon; Northwest Territories; and Adjacent British Columbia; Canada. Department of Energy Mines and Resources Canada. November 30; 1976",https://doi.org/10.4095/8331,,Publication location data,64.009,-129.00417
670464.974099999,1062676.9453,55,Mountain 2,10,1.5,85,,7.87,,,390,65,420,6.2,102,1007,0.03,34,535,,,,,,,,,"Crandall; J.T.; T.L. Sadlier-Brown; Data on Geothermal Areas Cordilleran Yukon; Northwest Territories; and Adjacent British Columbia; Canada. Department of Energy Mines and Resources Canada. November 30; 1976",https://doi.org/10.4095/8331,,Publication location data,64.009,-129.00861
698794.7766,1072683.6722,56,Ekwi (Godlin R.) HS,46,30,106,,7.5,,,260,66,5850,80,278,1191,,54,8312,,,,,,,,,"Crandall; J.T.; Sadlier-Brown; T.L.; Data on geothermal areas cordilleran Yukon; Northwest Territories; and adjacent British Columbia; Canada. Energy Mines and Resources Canada Open File 78-1; 1977; Tuya Terra Geo Corp and Geothermal Management Company; Inc.; Direct-use Geothermal Resources in British Columbia; May 5; 2016; Crandall; J.T.; Sadlier-Brown; T.L.; 1976 Data on Geothermal Areas; Cordilleran Yukon; Northwest Territories; and Adjacent British Columbia","https://doi.org/10.4095/8331; https://doi.org/10.4095/290116; https://doi.org/10.4095/100376",,Publication location data,64.08333,-128.41667
403429.4792,609026.3322,57,Morin South WS,17,1,85,,8.2,,,59,13.8,1.8,0.7,138,5,,34,0.1,,,,,,,,,"Crandall; J.T.; Sadlier-Brown; T.L.; Data on geothermal areas cordilleran Yukon; Northwest Territories; and adjacent British Columbia; Canada. Energy Mines and Resources Canada Open File 78-1; 1978",https://doi.org/10.4095/8331,,Located from imagery based on publication location (Google Earth/ArcMap),59.96917,-134.22623
416763.3816,598458.771299999,58,Jones Lake WS,13,45,91,,7.6,,,58,9.8,2.4,1.1,114,8.9,,39,0.1,,,,,,,,,"Crandall; J.T.; Sadlier-Brown; T.L.; Data on geothermal areas cordilleran Yukon; Northwest Territories; and adjacent British Columbia; Canada. Energy Mines and Resources Canada Open File 78-1; 1978",https://doi.org/10.4095/8331,,Located from imagery based on publication location (Google Earth/ArcMap),59.87721,-133.98356
438766.151000001,545393.6129,59,Atlin WS,29,15,80,,8.2,,,67,18.5,3.4,0.7,150,12,,30,0.2,,,,,,,,,"Fairbank; B P; Faulkner; R L; Hickson; C J (ed.); Roots; C (ed.); Southern; J G (ed.); Woodsworth; G J (ed.); Jessop; A M (ed.); Bentkowski; W H (ed.); Lewis; T J (ed.); Macrae; J M (ed.); Rowling; J (ed.); Church; B N (ed.); Finvers; M (ed.). Geological Survey of Canada; Open File 2526; 1992; 1 sheet; Woodsworth; Glenn. Hotsprings of Western Canada; A Complete Guide. 2nd Ed. Gordon Soules Book Publishers Ltd. 2009",https://doi.org/10.4095/133397,,Located from known location using imagery,59.40394,-133.57545
492939.821699999,530250.570699999,60,Nakina WS,,,,,,,,,,,,,,,,,,,,,,,,,"Fairbank; B P; Faulkner; R L; Hickson; C J (ed.); Roots; C (ed.); Southern; J G (ed.); Woodsworth; G J (ed.); Jessop; A M (ed.); Bentkowski; W H (ed.); Lewis; T J (ed.); Macrae; J M (ed.); Rowling; J (ed.); Church; B N (ed.); Finvers; M (ed.). Geological Survey of Canada; Open File 2526; 1992; 1 sheet",https://doi.org/10.4095/133397,,Located from imagery based on publication location (Google Earth/ArcMap),59.27227,-132.62351
656367.325099999,575049.117000001,61,Blue River WS,,,,,,,,,,,,,,,,,,,,,,,,,"Fairbank; B P; Faulkner; R L; Hickson; C J (ed.); Roots; C (ed.); Southern; J G (ed.); Woodsworth; G J (ed.); Jessop; A M (ed.); Bentkowski; W H (ed.); Lewis; T J (ed.); Macrae; J M (ed.); Rowling; J (ed.); Church; B N (ed.); Finvers; M (ed.). Geological Survey of Canada; Open File 2526; 1992; 1 sheet",https://doi.org/10.4095/133397,,Located from imagery based on publication location (Google Earth/ArcMap),59.64472,-129.73254
870801.5045,575153.178200001,62,Deer River HS,42,73,,,,,,,,,,,,,,,,,,,,,,,"Fairbank; B P; Faulkner; R L; Hickson; C J (ed.); Roots; C (ed.); Southern; J G (ed.); Woodsworth; G J (ed.); Jessop; A M (ed.); Bentkowski; W H (ed.); Lewis; T J (ed.); Macrae; J M (ed.); Rowling; J (ed.); Church; B N (ed.); Finvers; M (ed.). Geological Survey of Canada; Open File 2526; 1992; 1 sheet; McDonald; Jim; Donna Pollock; Bob McDermott. Hotsprings of Western Canada A Complete Guide. Labrador Tea Company. Vancouver B.C.; 1978",https://doi.org/10.4095/133397,,Digitized using Google Earth from published location description.,59.50406,-125.95633
927946.8298,516755.4111,63,Toad River HS ,,,,,,,,,,,,,,,,,,,,,,,,,"Fairbank; B P; Faulkner; R L; Hickson; C J (ed.); Roots; C (ed.); Southern; J G (ed.); Woodsworth; G J (ed.); Jessop; A M (ed.); Bentkowski; W H (ed.); Lewis; T J (ed.); Macrae; J M (ed.); Rowling; J (ed.); Church; B N (ed.); Finvers; M (ed.). Geological Survey of Canada; Open File 2526; 1992; 1 sheet; Woodsworth; Glenn. Hotsprings of Western Canada; A Complete Guide. 2nd Ed. Gordon Soules Book Publishers Ltd. 2009",https://doi.org/10.4095/133397,,Located from imagery based on publication location (Google Earth/ArcMap),58.92503,-125.07669
933208.8332,581299.2663,64,Lepine Creek WS,,,,,,,,,,,,,,,,,,,,,,,,,"Fairbank; B P; Faulkner; R L; Hickson; C J (ed.); Roots; C (ed.); Southern; J G (ed.); Woodsworth; G J (ed.); Jessop; A M (ed.); Bentkowski; W H (ed.); Lewis; T J (ed.); Macrae; J M (ed.); Rowling; J (ed.); Church; B N (ed.); Finvers; M (ed.). Geological Survey of Canada; Open File 2526; 1992; 1 sheet; Woodsworth; Glenn. Hotsprings of Western Canada; A Complete Guide. 2nd Ed. Gordon Soules Book Publishers Ltd. 2009",https://doi.org/10.4095/133397,Warm spring is located according to the published location description. The coordinates provided are several kilometres from the described location.,Located from imagery based on publication location (Google Earth/ArcMap),59.4963,-124.85186
892352.548599999,589627.0635,65,Grayling River HS,58,,,,,,,,,,,,,,,,,,,,,,,,"Woodsworth; Glen.; Woodsworth; David. 2014. Hot Springs of Western Canada; a complete guide. 3rd ed.; Gordon Soules Book Publishers; Vancouver; BC. 2014",Book,,Located from imagery based on publication location (Google Earth/ArcMap),59.61295,-125.55107
786428.422599999,846634.545299999,66,Glacier Lake,3,25,101,,6.4,,,58,11,1.2,0.8,30.4,169,,48,,,,,,,,,,"Crandall; J.T.; T.L. Sadlier-Brown; Data on Geothermal Areas Cordilleran Yukon; Northwest Territories; and Adjacent British Columbia; Canada. Department of Energy Mines and Resources Canada. November 30; 1976",https://doi.org/10.4095/8331,,Publication location data,62.00365,-127.02467
697600.8873,1079617.5212,67,Deca East,22,7,90,,7.3,,,155,60,2.8,0.7,78.7,827,0.03,38,1.8,,,,,,,,,"Crandall; J.T.; T.L. Sadlier-Brown; Data on Geothermal Areas Cordilleran Yukon; Northwest Territories; and Adjacent British Columbia; Canada. Department of Energy Mines and Resources Canada. November 30; 1976",https://doi.org/10.4095/8331,,Located from imagery based on publication location (Google Earth/ArcMap),64.146,-128.432
-132782.9441,1239975.9634,68,Chena HS,74,,,,,,,,,,,,,,,,,,,,,,,,Erkan et. Al. Thermal characteristics of the Chena Hot Springs 2007,https://pangea.stanford.edu/ERE/pdf/IGAstandard/SGW/2007/erkan.pdf,,Publication location data,65.0309834,-146.0524335
-66812.3246999998,1243914.1894,69,Big Windy HS,61,,,,,,,,,,,,,,,,,,,,,,,,"Juday 1998; Alaska research natural areas 4: Big Windy Hot Springs",http://hdl.handle.net/11122/2492,,Location estimated from publication map,65.184661,-144.692004
-57144.1952999998,1276707.7449,70,Circle HS,57.2,,,,,,,,,,,,,,,,,,,,,,,,"Nava and Morison 1974; a not on hot springs in the interior of Alaska",https://doi.org/10.14430/arctic2879,No pool identified during site visits,Publication location data,65.489454,-144.622314
21929.3959999997,1218689.8705,71,Flat Charley HS,,,,,,,,,,,,,,,,,,,,,,,,,"Miller, T P. Distribution and chemical analyses of thermal springs in Alaska",https://doi.org/10.14430/arctic2879,"Reconnaissance noted snow free mounds, but no free flowing springs",Approximate location from description near the Flat Creek headwaters,65.102092,-142.732627
-5595.24530000053,1153857.4432,72,Charley River HS,,,,,,,,,,,,,,,,,,,,,,,,,"Miller, T P. Distribution and chemical analyses of thermal springs in Alaska",https://doi.org/10.14430/arctic2879,"Reconnaissance noted snow free mounds, but no free flowing springs. Springs are of significant interest due to proximity to the communities of Dawson City and Beaver Creek in Yukon.",Approximate location from description near the Charley River Headwaters.,64.488981,-143.081535
-29817.8704000004,751074.2071,73,Kianga HS,,,,,,,,,,,,,,,,,,,,,,,,,"Miller, T P. Distribution and chemical analyses of thermal springs in Alaska",https://www.osti.gov/servlets/purl/7350016,,Approximate location digitized from publication map,60.889151,-142.289668
209789.1578,474269.1874,74,Lituya Bay HS,,,,,,,,,,,,,,,,,,,,,,,,,"Miller, T P. Distribution and chemical analyses of thermal springs in Alaska",https://www.osti.gov/servlets/purl/7350016,,Approximate location digitized from publication map,58.665373,-137.488566
299332.2612,407958.7841,75,Mud-Neka HS,46,,,,,,,,,,,,,,,,,,,,,,,,"Miller, T P. Distribution and chemical analyses of thermal springs in Alaska; Nava 1975 A note on hot springs in SE Alaska","https://www.osti.gov/servlets/purl/7350016; https://pubs.aina.ucalgary.ca/arctic/Arctic28-2-143.pdf",,Approximate location digitized from publication map and location description,58.122279,-135.892103
296574.629899999,395148.0374,76,Tenakee Head HS,76,,,,,,,,,,,,,,,,,,,,,,,,"Miller, T P. Distribution and chemical analyses of thermal springs in Alaska","https://www.osti.gov/servlets/purl/7350016; https://pubs.aina.ucalgary.ca/arctic/Arctic28-2-143.pdf",,Approximate location digitized from publication map and location description,58.005582,-135.926934
289118.6942,377172.4312,77,Lisianski HS,,,,,,,,,,,,,,,,,,,,,,,,,"Miller, T P. Distribution and chemical analyses of thermal springs in Alaska",https://www.osti.gov/servlets/purl/7350016,,Approximate location digitized from publication map and location description,57.839992,-136.035412
299996.787799999,368797.5484,78,Peril HS,39,,,,,,,,,,,,,,,,,,,,,,,,"Miller, T P. Distribution and chemical analyses of thermal springs in Alaska",https://www.osti.gov/servlets/purl/7350016,,Approximate location digitized from publication map and location description,57.769868,-135.845988
270810.7622,374472.517999999,79,White Sulphur HS,57.2,,,,,,,,,,,,,,,,,,,,,,,,"Miller, T P. Distribution and chemical analyses of thermal springs in Alaska",https://www.osti.gov/servlets/purl/7350016,,Publication location data,57.806075,-136.338884
337451.162599999,367917.418400001,80,Tenakee HS,41.1,,,,,,,,,,,,,,,,,,,,,,,,"Miller, T P. Distribution and chemical analyses of thermal springs in Alaska",https://www.osti.gov/servlets/purl/7350016,,Publication location data,57.778095,-135.219618
323201.111500001,265284.2194,81,Goddard HS,67.2,,,,,,,,,,,,,,,,,,,,,,,,"Miller, T P. Distribution and chemical analyses of thermal springs in Alaska",https://www.osti.gov/servlets/purl/7350016,,Publication location data,56.846531,-135.379772
363517.2469,249498.2849,82,Gut Bay HS,,,,,,,,,,,,,,,,,,,,,,,,,"Miller, T P. Distribution and chemical analyses of thermal springs in Alaska",https://www.osti.gov/servlets/purl/7350016,,Approximate location digitized from publication map and location description,56.718592,-134.714728
357889.4241,290789.1186,83,Baranoff HS,51.1,,,,,,,,,,,,,,,,,,,,,,,,"Miller, T P. Distribution and chemical analyses of thermal springs in Alaska",https://www.osti.gov/servlets/purl/7350016,,Publication location data,57.0896723,-134.8305897
527589.309599999,248123.579299999,84,Chief Shakes HS,60,,,,,,,,,,,,,,,,,,,,,,,,"Miller, T P. Distribution and chemical analyses of thermal springs in Alaska",https://www.osti.gov/servlets/purl/7350016,,Publication location data,56.726836,-132.05231
515224.8091,239633.999199999,85,Mt. Rynda HS,,,,,,,,,,,,,,,,,,,,,,,,,Waring 1917,https://dggs.alaska.gov/webpubs/usgs/wsp/text/wsp-0418.pdf,,Approximate location digitized from publication map,56.6506976,-132.2534895
518633.298800001,246078.479599999,86,Twin Lakes HS,21,4.5,,,,,,,,,,,,,,,,,,,,,,,"Waring 1917; Roman et. Al. 1980","https://dggs.alaska.gov/webpubs/usgs/wsp/text/wsp-0418.pdf; https://www.osti.gov/servlets/purl/897428; https://www.osti.gov/servlets/purl/897428",,Approximate location digitized from publication map,56.7088271,-132.1978004
493647.848999999,218200.455700001,87,Vank Island HS,,,,,,,,,,,,,,,,,,,,,,,,,Waring 1917,https://dggs.alaska.gov/webpubs/usgs/wsp/text/wsp-0418.pdf,,Approximate location digitized from publication map,56.4570945,-132.6023179
595398.4662,185203.157600001,88,Unuk River HS,,,,,,,,,,,,,,,,,,,,,,,,,Waring 1917,https://dggs.alaska.gov/webpubs/usgs/wsp/text/wsp-0418.pdf,,Approximate location digitized from publication map and location description,56.1482276,-130.9767313
